,Unnamed: 0,Edges,Length,Demand
0,0,"(0, 1)",6,0.54
1,1,"(0, 109)",9,0.81
2,2,"(0, 699)",15,1.2000000000000002
3,3,"(1, 2)",10,1.1
4,4,"(1, 262)",5,0.45
5,5,"(1, 639)",10,0.9
6,6,"(109, 108)",12,0.96
7,7,"(109, 110)",8,0.8
8,8,"(109, 171)",6,0.48
9,9,"(109, 219)",10,0.9
10,10,"(699, 698)",7,0.7
11,11,"(2, 3)",7,0.77
12,12,"(2, 222)",7,0.7
13,13,"(262, 261)",9,0.7200000000000001
14,14,"(262, 263)",10,0.8
15,15,"(262, 420)",9,0.81
16,16,"(262, 589)",7,0.5599999999999999
17,17,"(639, 638)",6,0.48
18,18,"(639, 640)",10,1.0
19,19,"(3, 4)",6,0.48
20,20,"(3, 169)",11,0.9900000000000001
21,21,"(3, 186)",11,1.1
22,22,"(3, 606)",7,0.5599999999999999
23,23,"(222, 133)",6,0.54
24,24,"(222, 212)",6,0.48
25,25,"(222, 221)",8,0.8
26,26,"(222, 223)",9,0.81
27,27,"(222, 432)",8,0.7200000000000001
28,28,"(222, 560)",11,1.1
29,29,"(4, 5)",5,0.45
30,30,"(169, 93)",6,0.54
31,31,"(169, 168)",9,0.9900000000000001
32,32,"(169, 170)",10,0.9
33,33,"(169, 204)",9,0.81
34,34,"(186, 56)",7,0.7
35,35,"(186, 185)",9,0.9
36,36,"(186, 187)",7,0.7
37,37,"(606, 70)",3,0.24
38,38,"(606, 548)",3,0.3
39,39,"(606, 605)",4,0.4
40,40,"(606, 607)",7,0.77
41,41,"(5, 6)",10,1.0
42,42,"(5, 294)",7,0.63
43,43,"(6, 7)",5,0.5
44,44,"(6, 192)",11,1.2100000000000002
45,45,"(6, 254)",7,0.7
46,46,"(294, 137)",5,0.45
47,47,"(294, 158)",9,0.9
48,48,"(294, 293)",8,0.8
49,49,"(294, 295)",4,0.32000000000000006
50,50,"(294, 330)",5,0.55
51,51,"(7, 8)",12,0.96
52,52,"(7, 101)",7,0.77
53,53,"(7, 178)",1,0.11000000000000001
54,54,"(192, 191)",6,0.54
55,55,"(192, 193)",7,0.7
56,56,"(192, 225)",11,1.1
57,57,"(192, 240)",3,0.27
58,58,"(254, 253)",5,0.55
59,59,"(254, 255)",3,0.3
60,60,"(8, 9)",7,0.63
61,61,"(8, 180)",8,0.8
62,62,"(8, 199)",8,0.7200000000000001
63,63,"(8, 419)",3,0.27
64,64,"(8, 598)",4,0.32000000000000006
65,65,"(101, 100)",6,0.6
66,66,"(101, 102)",5,0.5
67,67,"(178, 137)",8,0.8800000000000001
68,68,"(178, 177)",4,0.36000000000000004
69,69,"(178, 179)",6,0.66
70,70,"(178, 220)",6,0.66
71,71,"(9, 10)",9,0.7200000000000001
72,72,"(9, 350)",10,0.9
73,73,"(9, 536)",6,0.54
74,74,"(9, 622)",7,0.63
75,75,"(180, 179)",9,0.9900000000000001
76,76,"(180, 181)",11,1.1
77,77,"(180, 227)",12,1.08
78,78,"(180, 369)",7,0.63
79,79,"(180, 637)",11,1.1
80,80,"(180, 698)",8,0.7200000000000001
81,81,"(199, 198)",6,0.54
82,82,"(199, 200)",6,0.54
83,83,"(199, 427)",4,0.32000000000000006
84,84,"(199, 476)",5,0.45
85,85,"(419, 418)",10,0.8
86,86,"(419, 420)",6,0.54
87,87,"(598, 194)",7,0.63
88,88,"(598, 281)",5,0.5
89,89,"(598, 597)",3,0.24
90,90,"(598, 599)",5,0.45
91,91,"(598, 627)",9,0.9
92,92,"(10, 11)",9,0.9900000000000001
93,93,"(10, 628)",4,0.36000000000000004
94,94,"(350, 189)",6,0.66
95,95,"(350, 234)",6,0.66
96,96,"(350, 343)",6,0.6
97,97,"(350, 349)",5,0.45
98,98,"(350, 351)",8,0.7200000000000001
99,99,"(350, 425)",6,0.6
100,100,"(536, 397)",8,0.6400000000000001
101,101,"(536, 535)",7,0.63
102,102,"(536, 537)",7,0.7
103,103,"(536, 569)",10,1.1
104,104,"(622, 621)",5,0.5
105,105,"(622, 623)",4,0.44000000000000006
106,106,"(11, 12)",4,0.4
107,107,"(11, 13)",9,0.7200000000000001
108,108,"(11, 328)",4,0.32000000000000006
109,109,"(11, 330)",5,0.45
110,110,"(628, 609)",11,0.9900000000000001
111,111,"(628, 627)",12,1.2
112,112,"(628, 629)",10,1.0
113,113,"(12, 13)",6,0.6
114,114,"(12, 229)",2,0.2
115,115,"(12, 498)",7,0.77
116,116,"(13, 14)",10,1.0
117,117,"(328, 327)",8,0.8
118,118,"(328, 329)",6,0.54
119,119,"(330, 329)",7,0.7
120,120,"(330, 331)",7,0.7
121,121,"(330, 471)",7,0.7
122,122,"(229, 228)",5,0.45
123,123,"(229, 230)",7,0.5599999999999999
124,124,"(229, 589)",7,0.7
125,125,"(498, 468)",7,0.5599999999999999
126,126,"(498, 497)",8,0.8
127,127,"(498, 499)",7,0.77
128,128,"(14, 15)",3,0.27
129,129,"(14, 64)",8,0.8
130,130,"(14, 289)",4,0.36000000000000004
131,131,"(14, 454)",6,0.54
132,132,"(15, 16)",9,0.81
133,133,"(15, 164)",7,0.5599999999999999
134,134,"(15, 198)",9,0.7200000000000001
135,135,"(64, 63)",8,0.7200000000000001
136,136,"(64, 65)",15,1.35
137,137,"(64, 195)",5,0.55
138,138,"(289, 140)",5,0.5
139,139,"(289, 239)",8,0.6400000000000001
140,140,"(289, 288)",5,0.55
141,141,"(289, 290)",8,0.7200000000000001
142,142,"(289, 533)",6,0.54
143,143,"(289, 568)",6,0.6
144,144,"(289, 641)",4,0.32000000000000006
145,145,"(454, 209)",6,0.48
146,146,"(454, 339)",6,0.54
147,147,"(454, 453)",9,0.9900000000000001
148,148,"(454, 455)",9,0.9
149,149,"(454, 578)",8,0.7200000000000001
150,150,"(16, 17)",7,0.7
151,151,"(16, 154)",5,0.4
152,152,"(164, 163)",6,0.54
153,153,"(164, 165)",8,0.8
154,154,"(164, 349)",11,1.1
155,155,"(164, 465)",8,0.8
156,156,"(164, 558)",7,0.63
157,157,"(198, 197)",7,0.63
158,158,"(198, 535)",7,0.5599999999999999
159,159,"(17, 18)",8,0.8
160,160,"(154, 127)",5,0.5
161,161,"(154, 153)",10,1.0
162,162,"(154, 155)",8,0.8800000000000001
163,163,"(18, 19)",5,0.4
164,164,"(19, 20)",4,0.4
165,165,"(19, 33)",4,0.44000000000000006
166,166,"(19, 448)",7,0.63
167,167,"(20, 21)",3,0.3
168,168,"(20, 66)",8,0.8
169,169,"(20, 302)",7,0.63
170,170,"(20, 524)",10,0.9
171,171,"(33, 32)",6,0.54
172,172,"(33, 34)",5,0.55
173,173,"(33, 71)",5,0.45
174,174,"(33, 509)",8,0.8800000000000001
175,175,"(448, 55)",4,0.36000000000000004
176,176,"(448, 77)",5,0.5
177,177,"(448, 447)",7,0.77
178,178,"(448, 449)",7,0.7
179,179,"(21, 22)",6,0.6
180,180,"(21, 236)",7,0.77
181,181,"(66, 65)",8,0.8
182,182,"(66, 67)",7,0.7
183,183,"(66, 288)",8,0.6400000000000001
184,184,"(66, 596)",3,0.24
185,185,"(66, 633)",9,0.9900000000000001
186,186,"(302, 52)",11,1.1
187,187,"(302, 91)",9,0.9900000000000001
188,188,"(302, 249)",6,0.66
189,189,"(302, 301)",6,0.6
190,190,"(302, 303)",14,1.26
191,191,"(302, 580)",5,0.45
192,192,"(524, 105)",8,0.8800000000000001
193,193,"(524, 482)",14,1.26
194,194,"(524, 523)",5,0.55
195,195,"(524, 525)",4,0.44000000000000006
196,196,"(22, 23)",4,0.4
197,197,"(22, 561)",8,0.8800000000000001
198,198,"(22, 617)",4,0.36000000000000004
199,199,"(236, 235)",10,0.8
200,200,"(236, 237)",8,0.8
201,201,"(236, 325)",6,0.54
202,202,"(236, 645)",9,0.81
203,203,"(23, 24)",7,0.5599999999999999
204,204,"(23, 348)",6,0.6
205,205,"(23, 645)",7,0.5599999999999999
206,206,"(561, 560)",8,0.8800000000000001
207,207,"(561, 562)",8,0.6400000000000001
208,208,"(617, 119)",5,0.45
209,209,"(617, 344)",7,0.77
210,210,"(617, 616)",5,0.5
211,211,"(617, 618)",4,0.4
212,212,"(24, 25)",8,0.8
213,213,"(24, 347)",3,0.24
214,214,"(348, 347)",3,0.27
215,215,"(348, 349)",10,1.0
216,216,"(348, 478)",6,0.6
217,217,"(645, 165)",5,0.55
218,218,"(645, 353)",9,0.9
219,219,"(645, 644)",4,0.44000000000000006
220,220,"(645, 646)",4,0.36000000000000004
221,221,"(25, 26)",5,0.5
222,222,"(25, 135)",6,0.6
223,223,"(25, 383)",6,0.54
224,224,"(347, 346)",7,0.7
225,225,"(347, 583)",7,0.7
226,226,"(26, 27)",15,1.35
227,227,"(26, 116)",9,0.81
228,228,"(26, 637)",5,0.5
229,229,"(135, 134)",4,0.32000000000000006
230,230,"(135, 136)",5,0.5
231,231,"(135, 581)",7,0.7
232,232,"(135, 655)",9,0.81
233,233,"(383, 382)",4,0.4
234,234,"(383, 384)",8,0.8
235,235,"(383, 620)",11,1.1
236,236,"(27, 28)",9,0.9900000000000001
237,237,"(27, 346)",13,1.3
238,238,"(116, 57)",5,0.4
239,239,"(116, 115)",9,0.9
240,240,"(116, 117)",6,0.54
241,241,"(116, 193)",10,1.0
242,242,"(637, 428)",12,1.08
243,243,"(637, 538)",10,1.0
244,244,"(637, 636)",8,0.8800000000000001
245,245,"(637, 638)",4,0.36000000000000004
246,246,"(637, 694)",2,0.18000000000000002
247,247,"(28, 29)",9,0.81
248,248,"(28, 95)",6,0.6
249,249,"(28, 203)",8,0.6400000000000001
250,250,"(28, 273)",6,0.48
251,251,"(28, 381)",12,1.32
252,252,"(28, 541)",9,0.9
253,253,"(346, 216)",5,0.5
254,254,"(346, 281)",6,0.6
255,255,"(346, 282)",3,0.33
256,256,"(346, 345)",5,0.5
257,257,"(346, 564)",6,0.54
258,258,"(29, 30)",2,0.2
259,259,"(29, 76)",1,0.11000000000000001
260,260,"(29, 475)",11,0.9900000000000001
261,261,"(95, 94)",6,0.6
262,262,"(95, 96)",9,0.81
263,263,"(95, 107)",6,0.6
264,264,"(95, 191)",5,0.5
265,265,"(95, 235)",4,0.4
266,266,"(203, 202)",8,0.8
267,267,"(203, 204)",8,0.7200000000000001
268,268,"(273, 272)",8,0.7200000000000001
269,269,"(273, 274)",8,0.7200000000000001
270,270,"(273, 335)",7,0.63
271,271,"(381, 380)",7,0.77
272,272,"(381, 382)",5,0.55
273,273,"(381, 420)",8,0.8800000000000001
274,274,"(541, 399)",7,0.77
275,275,"(541, 540)",6,0.66
276,276,"(541, 542)",8,0.8
277,277,"(541, 643)",7,0.77
278,278,"(30, 31)",12,1.2
279,279,"(30, 296)",8,0.8
280,280,"(30, 504)",10,0.8
281,281,"(30, 607)",8,0.8
282,282,"(76, 75)",9,0.9
283,283,"(76, 77)",6,0.54
284,284,"(76, 653)",6,0.54
285,285,"(475, 474)",9,0.81
286,286,"(475, 476)",2,0.2
287,287,"(475, 644)",5,0.55
288,288,"(31, 32)",5,0.4
289,289,"(31, 93)",7,0.63
290,290,"(31, 281)",6,0.6
291,291,"(296, 295)",7,0.63
292,292,"(296, 297)",8,0.7200000000000001
293,293,"(504, 503)",7,0.5599999999999999
294,294,"(504, 505)",8,0.7200000000000001
295,295,"(607, 208)",9,0.81
296,296,"(607, 608)",5,0.5
297,297,"(32, 556)",3,0.27
298,298,"(32, 565)",6,0.54
299,299,"(32, 686)",5,0.4
300,300,"(93, 92)",9,0.81
301,301,"(93, 94)",6,0.54
302,302,"(93, 263)",9,0.81
303,303,"(281, 216)",9,0.81
304,304,"(281, 280)",9,0.7200000000000001
305,305,"(281, 282)",9,0.81
306,306,"(556, 228)",5,0.5
307,307,"(556, 555)",5,0.45
308,308,"(556, 557)",10,1.0
309,309,"(565, 409)",3,0.3
310,310,"(565, 483)",13,1.4300000000000002
311,311,"(565, 564)",5,0.5
312,312,"(565, 566)",14,1.1199999999999999
313,313,"(686, 685)",6,0.48
314,314,"(686, 687)",9,0.81
315,315,"(34, 35)",9,0.7200000000000001
316,316,"(34, 125)",9,0.7200000000000001
317,317,"(34, 139)",7,0.7
318,318,"(34, 443)",8,0.6400000000000001
319,319,"(34, 526)",4,0.44000000000000006
320,320,"(71, 70)",7,0.7
321,321,"(71, 72)",10,0.9
322,322,"(71, 387)",8,0.7200000000000001
323,323,"(509, 508)",5,0.5
324,324,"(509, 510)",10,1.0
325,325,"(35, 36)",11,0.8800000000000001
326,326,"(35, 201)",5,0.45
327,327,"(35, 313)",10,0.8
328,328,"(35, 356)",6,0.6
329,329,"(35, 570)",9,0.81
330,330,"(125, 124)",7,0.63
331,331,"(125, 126)",6,0.54
332,332,"(125, 477)",12,1.08
333,333,"(139, 138)",9,0.7200000000000001
334,334,"(139, 140)",8,0.8
335,335,"(139, 153)",7,0.63
336,336,"(139, 511)",6,0.48
337,337,"(443, 442)",7,0.77
338,338,"(443, 444)",6,0.54
339,339,"(526, 189)",6,0.48
340,340,"(526, 362)",11,0.8800000000000001
341,341,"(526, 525)",7,0.63
342,342,"(526, 527)",3,0.27
343,343,"(36, 37)",9,0.7200000000000001
344,344,"(36, 208)",8,0.7200000000000001
345,345,"(201, 200)",7,0.63
346,346,"(201, 202)",4,0.36000000000000004
347,347,"(201, 312)",5,0.4
348,348,"(201, 463)",6,0.66
349,349,"(313, 85)",7,0.63
350,350,"(313, 312)",10,0.9
351,351,"(313, 314)",18,1.9800000000000002
352,352,"(356, 355)",8,0.7200000000000001
353,353,"(356, 357)",4,0.36000000000000004
354,354,"(356, 676)",10,1.0
355,355,"(570, 284)",3,0.27
356,356,"(570, 569)",6,0.48
357,357,"(570, 571)",8,0.8
358,358,"(37, 38)",6,0.6
359,359,"(37, 137)",10,1.0
360,360,"(208, 207)",12,1.32
361,361,"(208, 209)",8,0.7200000000000001
362,362,"(208, 283)",5,0.45
363,363,"(208, 364)",9,0.81
364,364,"(208, 379)",9,0.7200000000000001
365,365,"(208, 688)",5,0.45
366,366,"(38, 39)",8,0.6400000000000001
367,367,"(137, 136)",8,0.8
368,368,"(137, 138)",5,0.45
369,369,"(137, 552)",10,1.1
370,370,"(39, 40)",10,0.8
371,371,"(39, 211)",5,0.5
372,372,"(39, 482)",10,0.9
373,373,"(40, 41)",12,1.08
374,374,"(40, 324)",8,0.7200000000000001
375,375,"(211, 210)",9,0.9900000000000001
376,376,"(211, 212)",9,0.7200000000000001
377,377,"(211, 456)",6,0.6
378,378,"(482, 481)",10,0.9
379,379,"(482, 483)",5,0.5
380,380,"(41, 42)",6,0.66
381,381,"(41, 80)",4,0.4
382,382,"(41, 548)",6,0.54
383,383,"(324, 323)",9,0.81
384,384,"(324, 325)",7,0.63
385,385,"(324, 445)",3,0.27
386,386,"(324, 675)",10,1.0
387,387,"(42, 43)",5,0.45
388,388,"(42, 508)",6,0.6
389,389,"(80, 52)",7,0.7
390,390,"(80, 79)",7,0.7
391,391,"(80, 81)",6,0.48
392,392,"(80, 353)",10,1.0
393,393,"(548, 177)",5,0.55
394,394,"(548, 187)",7,0.63
395,395,"(548, 279)",8,0.8800000000000001
396,396,"(548, 323)",7,0.63
397,397,"(548, 469)",9,0.9900000000000001
398,398,"(548, 547)",8,0.8800000000000001
399,399,"(548, 549)",7,0.7
400,400,"(43, 44)",6,0.48
401,401,"(43, 173)",8,0.7200000000000001
402,402,"(508, 47)",9,0.81
403,403,"(508, 507)",3,0.27
404,404,"(44, 45)",7,0.5599999999999999
405,405,"(44, 380)",13,1.3
406,406,"(173, 172)",4,0.36000000000000004
407,407,"(173, 174)",11,0.9900000000000001
408,408,"(173, 669)",8,0.7200000000000001
409,409,"(45, 46)",5,0.55
410,410,"(45, 463)",9,0.9900000000000001
411,411,"(45, 595)",9,0.9
412,412,"(380, 379)",5,0.45
413,413,"(380, 437)",11,1.1
414,414,"(380, 464)",5,0.4
415,415,"(380, 527)",7,0.7
416,416,"(46, 47)",9,0.9900000000000001
417,417,"(46, 474)",4,0.44000000000000006
418,418,"(46, 511)",5,0.5
419,419,"(46, 514)",8,0.8
420,420,"(46, 678)",14,1.26
421,421,"(46, 692)",7,0.7
422,422,"(463, 202)",7,0.5599999999999999
423,423,"(463, 462)",2,0.18000000000000002
424,424,"(463, 464)",7,0.63
425,425,"(595, 92)",7,0.77
426,426,"(595, 182)",7,0.63
427,427,"(595, 517)",6,0.54
428,428,"(595, 594)",10,0.8
429,429,"(595, 596)",6,0.66
430,430,"(47, 48)",5,0.45
431,431,"(47, 72)",13,1.3
432,432,"(47, 127)",13,1.1700000000000002
433,433,"(47, 184)",6,0.66
434,434,"(47, 417)",11,1.2100000000000002
435,435,"(474, 283)",6,0.54
436,436,"(474, 473)",6,0.54
437,437,"(511, 510)",9,0.7200000000000001
438,438,"(511, 512)",7,0.77
439,439,"(514, 513)",8,0.6400000000000001
440,440,"(514, 515)",8,0.8
441,441,"(678, 307)",5,0.55
442,442,"(678, 459)",9,0.9
443,443,"(678, 677)",6,0.54
444,444,"(678, 679)",10,1.1
445,445,"(692, 57)",7,0.63
446,446,"(692, 691)",7,0.5599999999999999
447,447,"(692, 693)",4,0.36000000000000004
448,448,"(48, 49)",4,0.32000000000000006
449,449,"(72, 73)",8,0.8
450,450,"(72, 242)",7,0.7
451,451,"(127, 57)",11,1.1
452,452,"(127, 126)",6,0.6
453,453,"(127, 128)",4,0.32000000000000006
454,454,"(127, 238)",5,0.5
455,455,"(184, 112)",6,0.66
456,456,"(184, 183)",8,0.8
457,457,"(184, 185)",5,0.4
458,458,"(417, 416)",6,0.54
459,459,"(417, 418)",4,0.4
460,460,"(49, 50)",7,0.77
461,461,"(49, 546)",6,0.66
462,462,"(50, 51)",5,0.45
463,463,"(50, 601)",12,0.96
464,464,"(50, 680)",10,1.0
465,465,"(546, 124)",9,0.81
466,466,"(546, 362)",5,0.45
467,467,"(546, 545)",3,0.24
468,468,"(546, 547)",11,1.1
469,469,"(51, 52)",6,0.6
470,470,"(51, 235)",7,0.5599999999999999
471,471,"(601, 261)",9,0.9900000000000001
472,472,"(601, 374)",11,1.1
473,473,"(601, 551)",3,0.27
474,474,"(601, 600)",5,0.45
475,475,"(601, 602)",14,1.4
476,476,"(680, 416)",5,0.5
477,477,"(680, 611)",6,0.54
478,478,"(680, 679)",10,0.9
479,479,"(680, 681)",6,0.54
480,480,"(52, 53)",9,0.9
481,481,"(52, 189)",5,0.5
482,482,"(235, 174)",5,0.4
483,483,"(235, 185)",7,0.7
484,484,"(235, 234)",8,0.8800000000000001
485,485,"(235, 240)",3,0.3
486,486,"(53, 54)",6,0.48
487,487,"(53, 249)",8,0.7200000000000001
488,488,"(53, 331)",8,0.6400000000000001
489,489,"(189, 188)",7,0.63
490,490,"(189, 190)",7,0.7
491,491,"(189, 332)",5,0.5
492,492,"(189, 535)",6,0.66
493,493,"(54, 55)",11,0.8800000000000001
494,494,"(54, 226)",6,0.6
495,495,"(54, 319)",8,0.7200000000000001
496,496,"(249, 248)",8,0.8
497,497,"(249, 250)",7,0.77
498,498,"(249, 451)",6,0.54
499,499,"(249, 632)",5,0.55
500,500,"(331, 332)",6,0.54
501,501,"(55, 56)",8,0.6400000000000001
502,502,"(55, 106)",8,0.7200000000000001
503,503,"(55, 168)",14,1.4
504,504,"(55, 261)",7,0.63
505,505,"(55, 351)",9,0.81
506,506,"(226, 225)",8,0.6400000000000001
507,507,"(226, 227)",6,0.54
508,508,"(319, 318)",9,0.81
509,509,"(319, 320)",9,0.9
510,510,"(319, 665)",3,0.33
511,511,"(56, 57)",6,0.54
512,512,"(106, 105)",8,0.8
513,513,"(106, 107)",8,0.8800000000000001
514,514,"(106, 182)",5,0.55
515,515,"(106, 667)",8,0.8
516,516,"(168, 92)",4,0.4
517,517,"(168, 167)",10,0.9
518,518,"(168, 171)",7,0.63
519,519,"(261, 260)",4,0.44000000000000006
520,520,"(261, 265)",4,0.36000000000000004
521,521,"(261, 439)",4,0.32000000000000006
522,522,"(261, 486)",9,0.7200000000000001
523,523,"(261, 571)",8,0.7200000000000001
524,524,"(351, 352)",8,0.8
525,525,"(351, 449)",6,0.54
526,526,"(351, 571)",8,0.7200000000000001
527,527,"(57, 58)",7,0.7
528,528,"(57, 382)",7,0.77
529,529,"(57, 506)",9,0.81
530,530,"(57, 535)",7,0.7
531,531,"(57, 583)",8,0.8
532,532,"(58, 59)",10,1.0
533,533,"(382, 307)",11,0.9900000000000001
534,534,"(382, 340)",7,0.63
535,535,"(382, 619)",7,0.63
536,536,"(382, 698)",7,0.5599999999999999
537,537,"(506, 505)",5,0.5
538,538,"(506, 507)",6,0.54
539,539,"(506, 590)",5,0.5
540,540,"(535, 241)",6,0.48
541,541,"(535, 272)",6,0.6
542,542,"(535, 534)",8,0.7200000000000001
543,543,"(583, 280)",9,0.81
544,544,"(583, 582)",11,0.9900000000000001
545,545,"(583, 584)",5,0.45
546,546,"(59, 60)",9,0.81
547,547,"(60, 61)",7,0.5599999999999999
548,548,"(61, 62)",5,0.45
549,549,"(61, 244)",3,0.3
550,550,"(61, 267)",5,0.45
551,551,"(61, 553)",5,0.5
552,552,"(62, 63)",4,0.4
553,553,"(62, 107)",6,0.66
554,554,"(62, 143)",8,0.8
555,555,"(244, 216)",6,0.54
556,556,"(244, 243)",7,0.7
557,557,"(244, 245)",10,0.8
558,558,"(244, 477)",8,0.6400000000000001
559,559,"(244, 608)",3,0.27
560,560,"(267, 242)",7,0.77
561,561,"(267, 266)",5,0.45
562,562,"(267, 268)",8,0.6400000000000001
563,563,"(267, 484)",7,0.77
564,564,"(553, 422)",7,0.7
565,565,"(553, 488)",3,0.3
566,566,"(553, 552)",5,0.45
567,567,"(553, 554)",7,0.63
568,568,"(553, 624)",5,0.5
569,569,"(553, 670)",11,0.9900000000000001
570,570,"(63, 69)",7,0.7
571,571,"(63, 147)",4,0.32000000000000006
572,572,"(63, 269)",8,0.6400000000000001
573,573,"(107, 108)",7,0.77
574,574,"(107, 376)",8,0.6400000000000001
575,575,"(107, 580)",3,0.27
576,576,"(143, 142)",7,0.7
577,577,"(143, 144)",9,0.9
578,578,"(143, 395)",9,0.7200000000000001
579,579,"(69, 68)",6,0.54
580,580,"(69, 70)",8,0.7200000000000001
581,581,"(69, 155)",2,0.22000000000000003
582,582,"(69, 269)",9,0.7200000000000001
583,583,"(69, 392)",7,0.63
584,584,"(147, 146)",4,0.36000000000000004
585,585,"(147, 148)",6,0.54
586,586,"(269, 120)",6,0.6
587,587,"(269, 268)",5,0.4
588,588,"(269, 270)",8,0.7200000000000001
589,589,"(65, 259)",5,0.4
590,590,"(195, 194)",6,0.6
591,591,"(195, 196)",1,0.11000000000000001
592,592,"(259, 224)",10,1.0
593,593,"(259, 258)",9,0.81
594,594,"(259, 260)",6,0.66
595,595,"(259, 528)",4,0.44000000000000006
596,596,"(259, 624)",9,0.81
597,597,"(67, 68)",12,1.2
598,598,"(67, 193)",8,0.7200000000000001
599,599,"(67, 196)",7,0.63
600,600,"(67, 256)",6,0.54
601,601,"(67, 604)",8,0.8
602,602,"(67, 614)",9,0.9
603,603,"(288, 206)",6,0.48
604,604,"(288, 242)",5,0.5
605,605,"(288, 287)",4,0.4
606,606,"(288, 418)",4,0.32000000000000006
607,607,"(596, 284)",7,0.77
608,608,"(596, 489)",4,0.4
609,609,"(596, 597)",3,0.24
610,610,"(633, 320)",9,0.81
611,611,"(633, 632)",8,0.8
612,612,"(633, 634)",5,0.45
613,613,"(633, 664)",8,0.8
614,614,"(193, 77)",15,1.35
615,615,"(193, 194)",4,0.36000000000000004
616,616,"(196, 197)",6,0.48
617,617,"(196, 285)",7,0.77
618,618,"(256, 255)",5,0.45
619,619,"(256, 257)",12,1.08
620,620,"(256, 360)",11,0.9900000000000001
621,621,"(604, 126)",8,0.8
622,622,"(604, 603)",5,0.4
623,623,"(604, 605)",11,0.8800000000000001
624,624,"(614, 191)",6,0.54
625,625,"(614, 200)",5,0.55
626,626,"(614, 365)",8,0.7200000000000001
627,627,"(614, 394)",5,0.5
628,628,"(614, 494)",7,0.63
629,629,"(614, 613)",5,0.5
630,630,"(614, 615)",4,0.36000000000000004
631,631,"(70, 363)",4,0.36000000000000004
632,632,"(155, 156)",8,0.7200000000000001
633,633,"(155, 485)",6,0.54
634,634,"(392, 391)",10,1.0
635,635,"(392, 393)",9,0.9
636,636,"(392, 415)",7,0.7
637,637,"(363, 362)",5,0.5
638,638,"(363, 364)",3,0.3
639,639,"(363, 480)",11,1.1
640,640,"(387, 386)",5,0.4
641,641,"(387, 388)",5,0.55
642,642,"(387, 492)",4,0.4
643,643,"(73, 74)",4,0.32000000000000006
644,644,"(73, 108)",3,0.27
645,645,"(73, 132)",7,0.63
646,646,"(73, 134)",8,0.8
647,647,"(73, 257)",5,0.5
648,648,"(242, 174)",7,0.63
649,649,"(242, 241)",5,0.5
650,650,"(242, 243)",7,0.7
651,651,"(74, 75)",5,0.45
652,652,"(108, 339)",4,0.4
653,653,"(108, 517)",6,0.54
654,654,"(132, 91)",6,0.6
655,655,"(132, 131)",6,0.6
656,656,"(132, 133)",8,0.8
657,657,"(132, 451)",6,0.66
658,658,"(132, 489)",5,0.4
659,659,"(134, 133)",9,0.9
660,660,"(134, 264)",3,0.3
661,661,"(134, 316)",4,0.4
662,662,"(134, 403)",5,0.45
663,663,"(257, 258)",11,0.9900000000000001
664,664,"(257, 435)",2,0.2
665,665,"(257, 560)",7,0.63
666,666,"(257, 683)",7,0.5599999999999999
667,667,"(75, 277)",9,0.9
668,668,"(75, 670)",10,0.9
669,669,"(277, 276)",4,0.4
670,670,"(277, 278)",8,0.8800000000000001
671,671,"(277, 451)",7,0.7
672,672,"(277, 481)",8,0.8
673,673,"(277, 497)",6,0.54
674,674,"(670, 118)",13,1.1700000000000002
675,675,"(670, 669)",5,0.5
676,676,"(670, 671)",8,0.7200000000000001
677,677,"(77, 78)",4,0.36000000000000004
678,678,"(77, 221)",13,1.3
679,679,"(653, 652)",6,0.6
680,680,"(653, 654)",8,0.7200000000000001
681,681,"(78, 79)",4,0.4
682,682,"(78, 300)",6,0.54
683,683,"(78, 472)",10,1.0
684,684,"(221, 220)",11,1.2100000000000002
685,685,"(221, 342)",10,1.1
686,686,"(221, 354)",4,0.4
687,687,"(221, 557)",7,0.7
688,688,"(79, 492)",8,0.7200000000000001
689,689,"(79, 557)",7,0.77
690,690,"(300, 88)",7,0.5599999999999999
691,691,"(300, 299)",8,0.8
692,692,"(300, 301)",7,0.7
693,693,"(300, 682)",6,0.48
694,694,"(472, 471)",9,0.7200000000000001
695,695,"(472, 473)",7,0.7
696,696,"(492, 92)",2,0.18000000000000002
697,697,"(492, 491)",4,0.4
698,698,"(492, 493)",13,1.1700000000000002
699,699,"(557, 558)",5,0.45
700,700,"(81, 82)",6,0.54
701,701,"(81, 110)",6,0.6
702,702,"(81, 555)",5,0.45
703,703,"(353, 352)",7,0.77
704,704,"(353, 354)",7,0.5599999999999999
705,705,"(82, 83)",6,0.48
706,706,"(82, 529)",4,0.4
707,707,"(110, 111)",8,0.7200000000000001
708,708,"(110, 228)",8,0.8
709,709,"(555, 420)",10,1.0
710,710,"(555, 554)",8,0.8
711,711,"(83, 84)",6,0.48
712,712,"(83, 92)",13,1.1700000000000002
713,713,"(529, 340)",12,1.2
714,714,"(529, 528)",8,0.6400000000000001
715,715,"(529, 530)",4,0.44000000000000006
716,716,"(84, 85)",5,0.5
717,717,"(84, 389)",6,0.66
718,718,"(84, 676)",6,0.6
719,719,"(84, 697)",6,0.54
720,720,"(92, 91)",6,0.48
721,721,"(92, 115)",8,0.8800000000000001
722,722,"(85, 86)",6,0.54
723,723,"(85, 213)",13,1.4300000000000002
724,724,"(85, 427)",8,0.6400000000000001
725,725,"(85, 574)",7,0.7
726,726,"(389, 388)",12,1.08
727,727,"(389, 390)",5,0.45
728,728,"(676, 250)",10,0.9
729,729,"(676, 490)",4,0.4
730,730,"(676, 675)",6,0.48
731,731,"(676, 677)",5,0.55
732,732,"(697, 696)",8,0.8800000000000001
733,733,"(697, 698)",6,0.66
734,734,"(86, 87)",7,0.77
735,735,"(86, 385)",5,0.45
736,736,"(86, 418)",5,0.5
737,737,"(213, 212)",10,0.8
738,738,"(213, 214)",5,0.45
739,739,"(213, 523)",9,0.7200000000000001
740,740,"(213, 581)",3,0.33
741,741,"(427, 426)",7,0.5599999999999999
742,742,"(427, 428)",9,0.9900000000000001
743,743,"(427, 571)",4,0.44000000000000006
744,744,"(574, 573)",8,0.8800000000000001
745,745,"(574, 575)",9,0.9
746,746,"(87, 88)",7,0.63
747,747,"(87, 344)",4,0.36000000000000004
748,748,"(87, 377)",8,0.7200000000000001
749,749,"(385, 384)",10,0.8
750,750,"(385, 386)",7,0.7
751,751,"(418, 501)",10,1.0
752,752,"(88, 89)",7,0.77
753,753,"(344, 152)",5,0.55
754,754,"(344, 343)",4,0.36000000000000004
755,755,"(344, 345)",11,1.1
756,756,"(377, 376)",8,0.8
757,757,"(377, 378)",11,1.1
758,758,"(377, 414)",6,0.6
759,759,"(377, 579)",3,0.3
760,760,"(89, 90)",6,0.54
761,761,"(90, 91)",5,0.4
762,762,"(91, 642)",6,0.66
763,763,"(642, 210)",8,0.8800000000000001
764,764,"(642, 641)",14,1.4
765,765,"(642, 643)",6,0.54
766,766,"(115, 114)",9,0.7200000000000001
767,767,"(115, 126)",11,1.1
768,768,"(115, 438)",5,0.55
769,769,"(94, 390)",6,0.48
770,770,"(263, 146)",6,0.48
771,771,"(263, 264)",9,0.7200000000000001
772,772,"(263, 530)",8,0.7200000000000001
773,773,"(390, 309)",7,0.63
774,774,"(390, 391)",10,1.0
775,775,"(390, 493)",8,0.6400000000000001
776,776,"(96, 97)",4,0.36000000000000004
777,777,"(191, 190)",9,0.9900000000000001
778,778,"(97, 98)",6,0.54
779,779,"(97, 258)",9,0.9
780,780,"(97, 434)",6,0.66
781,781,"(98, 99)",8,0.8
782,782,"(98, 592)",11,1.1
783,783,"(258, 240)",5,0.45
784,784,"(434, 253)",4,0.44000000000000006
785,785,"(434, 433)",13,1.3
786,786,"(434, 435)",3,0.24
787,787,"(434, 554)",10,1.0
788,788,"(99, 100)",4,0.44000000000000006
789,789,"(592, 223)",8,0.8
790,790,"(592, 554)",8,0.7200000000000001
791,791,"(592, 591)",7,0.63
792,792,"(592, 593)",5,0.55
793,793,"(100, 447)",4,0.4
794,794,"(100, 564)",7,0.7
795,795,"(447, 298)",9,0.81
796,796,"(447, 446)",5,0.55
797,797,"(564, 512)",11,0.9900000000000001
798,798,"(564, 563)",3,0.3
799,799,"(564, 669)",8,0.6400000000000001
800,800,"(564, 682)",12,1.08
801,801,"(102, 103)",9,0.81
802,802,"(102, 120)",4,0.36000000000000004
803,803,"(102, 566)",8,0.6400000000000001
804,804,"(103, 104)",8,0.7200000000000001
805,805,"(103, 542)",4,0.36000000000000004
806,806,"(120, 119)",8,0.8
807,807,"(120, 121)",6,0.48
808,808,"(120, 586)",5,0.45
809,809,"(566, 567)",3,0.24
810,810,"(104, 105)",9,0.9
811,811,"(104, 181)",5,0.45
812,812,"(104, 370)",5,0.45
813,813,"(542, 113)",8,0.8
814,814,"(542, 316)",8,0.8
815,815,"(542, 338)",10,0.9
816,816,"(542, 371)",8,0.8
817,817,"(542, 539)",7,0.5599999999999999
818,818,"(542, 543)",3,0.24
819,819,"(542, 626)",6,0.54
820,820,"(181, 182)",5,0.55
821,821,"(181, 590)",8,0.7200000000000001
822,822,"(370, 369)",9,0.9900000000000001
823,823,"(370, 371)",10,0.9
824,824,"(370, 559)",6,0.6
825,825,"(182, 183)",7,0.7
826,826,"(182, 194)",3,0.3
827,827,"(182, 207)",6,0.54
828,828,"(182, 486)",5,0.5
829,829,"(667, 280)",8,0.8
830,830,"(667, 316)",9,0.9
831,831,"(667, 666)",6,0.6
832,832,"(667, 668)",5,0.45
833,833,"(376, 375)",5,0.5
834,834,"(580, 404)",9,0.9
835,835,"(580, 432)",4,0.36000000000000004
836,836,"(580, 444)",10,1.1
837,837,"(580, 579)",6,0.6
838,838,"(580, 581)",7,0.77
839,839,"(339, 338)",5,0.45
840,840,"(339, 340)",6,0.66
841,841,"(517, 176)",9,0.81
842,842,"(517, 452)",5,0.45
843,843,"(517, 455)",9,0.9
844,844,"(517, 516)",4,0.36000000000000004
845,845,"(517, 518)",7,0.7
846,846,"(171, 170)",8,0.7200000000000001
847,847,"(171, 172)",5,0.5
848,848,"(219, 218)",8,0.8
849,849,"(219, 220)",6,0.54
850,850,"(219, 321)",5,0.55
851,851,"(111, 112)",9,0.9
852,852,"(111, 212)",6,0.54
853,853,"(228, 131)",4,0.44000000000000006
854,854,"(228, 227)",5,0.5
855,855,"(228, 650)",5,0.55
856,856,"(112, 113)",9,0.9900000000000001
857,857,"(112, 148)",9,0.9
858,858,"(112, 415)",6,0.6
859,859,"(212, 223)",8,0.7200000000000001
860,860,"(113, 114)",11,0.8800000000000001
861,861,"(113, 349)",8,0.8
862,862,"(148, 149)",6,0.48
863,863,"(148, 361)",4,0.36000000000000004
864,864,"(415, 414)",4,0.36000000000000004
865,865,"(415, 416)",4,0.32000000000000006
866,866,"(415, 650)",7,0.63
867,867,"(114, 538)",5,0.45
868,868,"(349, 314)",7,0.7
869,869,"(538, 167)",3,0.3
870,870,"(538, 537)",8,0.8
871,871,"(538, 539)",7,0.5599999999999999
872,872,"(538, 649)",9,0.81
873,873,"(126, 575)",11,1.1
874,874,"(126, 696)",8,0.7200000000000001
875,875,"(438, 437)",5,0.55
876,876,"(438, 439)",9,0.81
877,877,"(117, 118)",8,0.7200000000000001
878,878,"(117, 420)",5,0.4
879,879,"(118, 119)",3,0.33
880,880,"(420, 421)",7,0.5599999999999999
881,881,"(121, 122)",8,0.8800000000000001
882,882,"(586, 340)",5,0.45
883,883,"(586, 585)",9,0.81
884,884,"(586, 587)",8,0.7200000000000001
885,885,"(586, 609)",8,0.8
886,886,"(586, 672)",1,0.1
887,887,"(122, 123)",6,0.6
888,888,"(122, 571)",8,0.8
889,889,"(122, 627)",5,0.55
890,890,"(122, 677)",5,0.45
891,891,"(123, 124)",7,0.77
892,892,"(123, 310)",6,0.54
893,893,"(123, 519)",7,0.63
894,894,"(571, 572)",6,0.6
895,895,"(627, 616)",4,0.32000000000000006
896,896,"(627, 626)",5,0.55
897,897,"(677, 599)",10,1.1
898,898,"(124, 446)",6,0.54
899,899,"(310, 309)",6,0.48
900,900,"(310, 311)",5,0.5
901,901,"(310, 457)",6,0.48
902,902,"(519, 518)",9,0.7200000000000001
903,903,"(519, 520)",6,0.48
904,904,"(446, 406)",3,0.33
905,905,"(446, 445)",10,1.0
906,906,"(477, 177)",5,0.45
907,907,"(477, 476)",6,0.48
908,908,"(477, 478)",5,0.55
909,909,"(477, 490)",12,1.08
910,910,"(477, 675)",7,0.63
911,911,"(575, 314)",7,0.5599999999999999
912,912,"(575, 576)",7,0.7
913,913,"(575, 648)",9,0.9
914,914,"(696, 679)",12,1.08
915,915,"(696, 695)",9,0.9900000000000001
916,916,"(128, 129)",6,0.6
917,917,"(238, 237)",7,0.7
918,918,"(238, 239)",7,0.7
919,919,"(238, 669)",6,0.6
920,920,"(129, 130)",7,0.63
921,921,"(129, 280)",8,0.7200000000000001
922,922,"(129, 423)",4,0.32000000000000006
923,923,"(129, 602)",5,0.4
924,924,"(130, 131)",4,0.36000000000000004
925,925,"(130, 456)",7,0.7
926,926,"(280, 279)",4,0.36000000000000004
927,927,"(423, 286)",10,0.8
928,928,"(423, 422)",9,0.81
929,929,"(423, 424)",8,0.7200000000000001
930,930,"(423, 488)",6,0.48
931,931,"(602, 141)",5,0.5
932,932,"(602, 333)",6,0.54
933,933,"(602, 603)",4,0.32000000000000006
934,934,"(131, 334)",5,0.5
935,935,"(131, 648)",11,0.9900000000000001
936,936,"(456, 217)",5,0.45
937,937,"(456, 455)",3,0.27
938,938,"(456, 457)",2,0.22000000000000003
939,939,"(456, 590)",4,0.4
940,940,"(334, 333)",10,1.0
941,941,"(334, 335)",5,0.45
942,942,"(334, 375)",7,0.63
943,943,"(334, 416)",10,0.9
944,944,"(334, 693)",7,0.5599999999999999
945,945,"(648, 332)",5,0.45
946,946,"(648, 394)",4,0.36000000000000004
947,947,"(648, 470)",12,1.2
948,948,"(648, 647)",7,0.63
949,949,"(648, 649)",12,1.2
950,950,"(451, 450)",1,0.1
951,951,"(451, 452)",7,0.63
952,952,"(451, 468)",6,0.48
953,953,"(451, 694)",8,0.7200000000000001
954,954,"(489, 488)",8,0.7200000000000001
955,955,"(489, 490)",7,0.63
956,956,"(264, 265)",4,0.44000000000000006
957,957,"(264, 544)",7,0.7
958,958,"(316, 315)",7,0.77
959,959,"(316, 317)",4,0.36000000000000004
960,960,"(403, 402)",5,0.5
961,961,"(403, 404)",13,1.1700000000000002
962,962,"(581, 582)",7,0.77
963,963,"(581, 611)",9,0.7200000000000001
964,964,"(655, 327)",9,0.9900000000000001
965,965,"(655, 654)",11,1.2100000000000002
966,966,"(655, 656)",8,0.8800000000000001
967,967,"(138, 695)",6,0.54
968,968,"(552, 551)",8,0.8800000000000001
969,969,"(695, 271)",1,0.1
970,970,"(695, 694)",5,0.55
971,971,"(140, 141)",10,0.9
972,972,"(140, 611)",8,0.8
973,973,"(153, 152)",8,0.8
974,974,"(141, 142)",10,0.9
975,975,"(141, 593)",7,0.77
976,976,"(611, 204)",5,0.5
977,977,"(611, 373)",5,0.5
978,978,"(611, 610)",4,0.4
979,979,"(611, 612)",9,0.9900000000000001
980,980,"(593, 491)",3,0.3
981,981,"(593, 594)",10,0.9
982,982,"(144, 145)",7,0.7
983,983,"(144, 332)",10,1.0
984,984,"(395, 167)",4,0.36000000000000004
985,985,"(395, 394)",8,0.7200000000000001
986,986,"(395, 396)",11,1.1
987,987,"(145, 146)",12,1.32
988,988,"(145, 272)",9,0.81
989,989,"(145, 440)",5,0.45
990,990,"(332, 320)",12,0.96
991,991,"(332, 333)",7,0.77
992,992,"(146, 243)",6,0.6
993,993,"(146, 285)",4,0.4
994,994,"(146, 323)",5,0.45
995,995,"(146, 440)",10,0.9
996,996,"(272, 271)",11,0.8800000000000001
997,997,"(272, 362)",7,0.77
998,998,"(440, 270)",7,0.7
999,999,"(440, 439)",5,0.55
1000,1000,"(440, 441)",9,0.81
1001,1001,"(440, 646)",12,1.08
1002,1002,"(243, 210)",4,0.36000000000000004
1003,1003,"(285, 284)",7,0.63
1004,1004,"(285, 286)",6,0.6
1005,1005,"(323, 322)",11,0.8800000000000001
1006,1006,"(149, 150)",4,0.4
1007,1007,"(149, 183)",10,0.8
1008,1008,"(149, 335)",5,0.55
1009,1009,"(361, 360)",2,0.18000000000000002
1010,1010,"(361, 362)",6,0.48
1011,1011,"(361, 563)",5,0.5
1012,1012,"(361, 640)",7,0.63
1013,1013,"(150, 151)",5,0.45
1014,1014,"(150, 295)",10,1.1
1015,1015,"(183, 413)",3,0.27
1016,1016,"(335, 336)",10,0.8
1017,1017,"(335, 612)",9,0.81
1018,1018,"(151, 152)",4,0.32000000000000006
1019,1019,"(152, 214)",9,0.9900000000000001
1020,1020,"(214, 215)",4,0.36000000000000004
1021,1021,"(156, 157)",12,1.08
1022,1022,"(156, 413)",5,0.45
1023,1023,"(485, 321)",10,0.9
1024,1024,"(485, 484)",7,0.63
1025,1025,"(485, 486)",6,0.54
1026,1026,"(157, 158)",5,0.55
1027,1027,"(157, 589)",7,0.63
1028,1028,"(413, 412)",7,0.77
1029,1029,"(413, 414)",4,0.36000000000000004
1030,1030,"(158, 159)",7,0.63
1031,1031,"(589, 588)",7,0.63
1032,1032,"(589, 590)",5,0.45
1033,1033,"(159, 160)",8,0.8
1034,1034,"(159, 246)",6,0.48
1035,1035,"(159, 609)",5,0.55
1036,1036,"(160, 161)",9,0.9900000000000001
1037,1037,"(160, 176)",6,0.54
1038,1038,"(160, 460)",5,0.45
1039,1039,"(160, 600)",8,0.8
1040,1040,"(246, 170)",9,0.9900000000000001
1041,1041,"(246, 245)",3,0.27
1042,1042,"(246, 247)",6,0.54
1043,1043,"(609, 343)",6,0.48
1044,1044,"(609, 516)",6,0.48
1045,1045,"(609, 608)",5,0.55
1046,1046,"(609, 610)",11,0.9900000000000001
1047,1047,"(161, 162)",5,0.45
1048,1048,"(161, 629)",5,0.5
1049,1049,"(176, 175)",8,0.8
1050,1050,"(176, 177)",6,0.6
1051,1051,"(460, 459)",9,0.9
1052,1052,"(460, 461)",8,0.8800000000000001
1053,1053,"(600, 599)",9,0.9900000000000001
1054,1054,"(162, 163)",11,0.9900000000000001
1055,1055,"(162, 646)",6,0.66
1056,1056,"(629, 630)",6,0.6
1057,1057,"(629, 688)",6,0.6
1058,1058,"(646, 647)",7,0.5599999999999999
1059,1059,"(165, 166)",6,0.6
1060,1060,"(165, 501)",13,1.1700000000000002
1061,1061,"(465, 379)",3,0.27
1062,1062,"(465, 412)",4,0.44000000000000006
1063,1063,"(465, 464)",7,0.63
1064,1064,"(465, 466)",6,0.54
1065,1065,"(558, 393)",7,0.5599999999999999
1066,1066,"(558, 559)",6,0.54
1067,1067,"(166, 167)",4,0.4
1068,1068,"(166, 227)",2,0.16000000000000003
1069,1069,"(501, 500)",5,0.45
1070,1070,"(501, 502)",2,0.18000000000000002
1071,1071,"(227, 369)",6,0.6
1072,1072,"(204, 205)",3,0.27
1073,1073,"(204, 502)",8,0.6400000000000001
1074,1074,"(204, 547)",6,0.54
1075,1075,"(174, 175)",4,0.36000000000000004
1076,1076,"(174, 476)",6,0.54
1077,1077,"(174, 479)",6,0.54
1078,1078,"(174, 531)",8,0.8
1079,1079,"(669, 668)",3,0.33
1080,1080,"(476, 545)",7,0.77
1081,1081,"(479, 340)",7,0.63
1082,1082,"(479, 478)",4,0.36000000000000004
1083,1083,"(479, 480)",11,1.2100000000000002
1084,1084,"(531, 408)",7,0.7
1085,1085,"(531, 530)",7,0.7
1086,1086,"(531, 532)",4,0.4
1087,1087,"(177, 543)",7,0.7
1088,1088,"(177, 623)",3,0.33
1089,1089,"(543, 437)",6,0.6
1090,1090,"(543, 544)",5,0.55
1091,1091,"(543, 690)",3,0.27
1092,1092,"(623, 516)",9,0.7200000000000001
1093,1093,"(623, 624)",11,1.2100000000000002
1094,1094,"(179, 224)",5,0.5
1095,1095,"(179, 625)",6,0.6
1096,1096,"(220, 612)",7,0.63
1097,1097,"(224, 223)",7,0.63
1098,1098,"(224, 225)",5,0.4
1099,1099,"(625, 241)",3,0.3
1100,1100,"(625, 624)",7,0.77
1101,1101,"(625, 626)",7,0.7
1102,1102,"(369, 279)",9,0.7200000000000001
1103,1103,"(369, 368)",5,0.55
1104,1104,"(590, 591)",6,0.6
1105,1105,"(194, 283)",7,0.63
1106,1106,"(207, 206)",6,0.6
1107,1107,"(207, 613)",9,0.9
1108,1108,"(486, 487)",6,0.66
1109,1109,"(187, 188)",12,1.32
1110,1110,"(187, 462)",6,0.54
1111,1111,"(187, 620)",6,0.6
1112,1112,"(462, 461)",10,1.0
1113,1113,"(620, 406)",6,0.6
1114,1114,"(620, 619)",5,0.5
1115,1115,"(620, 621)",7,0.7
1116,1116,"(240, 239)",2,0.2
1117,1117,"(240, 241)",7,0.63
1118,1118,"(240, 584)",5,0.4
1119,1119,"(283, 282)",5,0.45
1120,1120,"(283, 284)",8,0.7200000000000001
1121,1121,"(283, 384)",10,1.0
1122,1122,"(197, 231)",6,0.6
1123,1123,"(197, 442)",10,0.8
1124,1124,"(231, 230)",7,0.63
1125,1125,"(231, 232)",8,0.8
1126,1126,"(442, 441)",6,0.54
1127,1127,"(442, 480)",13,1.3
1128,1128,"(200, 428)",10,1.0
1129,1129,"(428, 355)",9,0.7200000000000001
1130,1130,"(428, 429)",7,0.5599999999999999
1131,1131,"(312, 311)",5,0.55
1132,1132,"(312, 656)",4,0.36000000000000004
1133,1133,"(205, 206)",5,0.5
1134,1134,"(502, 503)",8,0.8
1135,1135,"(502, 694)",8,0.8
1136,1136,"(613, 612)",8,0.8
1137,1137,"(209, 210)",5,0.5
1138,1138,"(209, 610)",9,0.9900000000000001
1139,1139,"(364, 365)",7,0.7
1140,1140,"(379, 287)",7,0.63
1141,1141,"(379, 299)",4,0.32000000000000006
1142,1142,"(379, 378)",7,0.63
1143,1143,"(379, 603)",9,0.9900000000000001
1144,1144,"(688, 687)",4,0.32000000000000006
1145,1145,"(688, 689)",6,0.66
1146,1146,"(610, 341)",16,1.4400000000000002
1147,1147,"(223, 391)",4,0.32000000000000006
1148,1148,"(523, 396)",8,0.8
1149,1149,"(523, 522)",12,1.08
1150,1150,"(215, 216)",8,0.8800000000000001
1151,1151,"(216, 217)",4,0.32000000000000006
1152,1152,"(216, 271)",9,0.7200000000000001
1153,1153,"(217, 218)",7,0.77
1154,1154,"(271, 270)",12,1.2
1155,1155,"(321, 320)",4,0.36000000000000004
1156,1156,"(321, 322)",8,0.8
1157,1157,"(612, 491)",8,0.7200000000000001
1158,1158,"(342, 327)",9,0.81
1159,1159,"(342, 341)",5,0.45
1160,1160,"(342, 343)",8,0.8
1161,1161,"(354, 355)",6,0.6
1162,1162,"(432, 431)",7,0.7
1163,1163,"(432, 433)",10,0.9
1164,1164,"(560, 559)",6,0.54
1165,1165,"(560, 587)",6,0.54
1166,1166,"(391, 689)",2,0.2
1167,1167,"(650, 649)",4,0.4
1168,1168,"(650, 651)",5,0.45
1169,1169,"(232, 233)",9,0.7200000000000001
1170,1170,"(232, 366)",10,1.0
1171,1171,"(232, 693)",4,0.44000000000000006
1172,1172,"(233, 234)",6,0.66
1173,1173,"(233, 636)",3,0.3
1174,1174,"(366, 365)",7,0.63
1175,1175,"(366, 367)",9,0.7200000000000001
1176,1176,"(366, 599)",11,1.1
1177,1177,"(366, 624)",5,0.4
1178,1178,"(693, 471)",6,0.54
1179,1179,"(693, 573)",6,0.54
1180,1180,"(693, 694)",8,0.8
1181,1181,"(234, 608)",5,0.45
1182,1182,"(636, 635)",5,0.55
1183,1183,"(608, 301)",9,0.9
1184,1184,"(237, 449)",7,0.63
1185,1185,"(325, 317)",12,0.96
1186,1186,"(325, 326)",8,0.6400000000000001
1187,1187,"(449, 450)",8,0.7200000000000001
1188,1188,"(449, 626)",6,0.48
1189,1189,"(584, 585)",11,1.1
1190,1190,"(245, 260)",7,0.7
1191,1191,"(245, 301)",6,0.66
1192,1192,"(245, 343)",2,0.2
1193,1193,"(247, 248)",7,0.5599999999999999
1194,1194,"(250, 251)",6,0.66
1195,1195,"(250, 265)",7,0.7
1196,1196,"(632, 251)",2,0.2
1197,1197,"(632, 631)",6,0.6
1198,1198,"(251, 252)",13,1.3
1199,1199,"(251, 284)",2,0.16000000000000003
1200,1200,"(265, 266)",8,0.8
1201,1201,"(265, 458)",8,0.7200000000000001
1202,1202,"(265, 516)",6,0.48
1203,1203,"(252, 253)",2,0.18000000000000002
1204,1204,"(252, 373)",6,0.6
1205,1205,"(253, 481)",7,0.5599999999999999
1206,1206,"(253, 545)",5,0.5
1207,1207,"(373, 372)",5,0.5
1208,1208,"(373, 374)",4,0.32000000000000006
1209,1209,"(373, 521)",9,0.9
1210,1210,"(373, 562)",14,1.4
1211,1211,"(481, 480)",8,0.8
1212,1212,"(545, 544)",7,0.7
1213,1213,"(545, 576)",7,0.5599999999999999
1214,1214,"(255, 309)",4,0.44000000000000006
1215,1215,"(255, 340)",7,0.7
1216,1216,"(309, 308)",10,0.9
1217,1217,"(340, 341)",9,0.81
1218,1218,"(340, 544)",13,1.3
1219,1219,"(360, 359)",9,0.9
1220,1220,"(435, 436)",6,0.6
1221,1221,"(683, 341)",10,1.0
1222,1222,"(683, 682)",10,1.0
1223,1223,"(683, 684)",8,0.8
1224,1224,"(528, 515)",10,0.9
1225,1225,"(528, 527)",6,0.54
1226,1226,"(530, 410)",7,0.7
1227,1227,"(530, 466)",5,0.5
1228,1228,"(544, 657)",15,1.35
1229,1229,"(266, 276)",10,1.0
1230,1230,"(266, 345)",10,1.0
1231,1231,"(458, 457)",4,0.4
1232,1232,"(458, 459)",5,0.5
1233,1233,"(516, 515)",10,0.8
1234,1234,"(516, 666)",8,0.8800000000000001
1235,1235,"(516, 684)",7,0.7
1236,1236,"(276, 275)",7,0.7
1237,1237,"(345, 329)",5,0.5
1238,1238,"(345, 355)",8,0.8800000000000001
1239,1239,"(345, 469)",9,0.9900000000000001
1240,1240,"(484, 372)",8,0.8
1241,1241,"(484, 483)",5,0.4
1242,1242,"(270, 672)",6,0.54
1243,1243,"(672, 275)",4,0.36000000000000004
1244,1244,"(672, 671)",9,0.9900000000000001
1245,1245,"(672, 673)",8,0.8
1246,1246,"(362, 293)",12,0.96
1247,1247,"(274, 275)",5,0.5
1248,1248,"(274, 603)",8,0.8
1249,1249,"(278, 279)",5,0.5
1250,1250,"(497, 496)",8,0.7200000000000001
1251,1251,"(279, 425)",11,1.2100000000000002
1252,1252,"(279, 674)",6,0.48
1253,1253,"(425, 424)",5,0.5
1254,1254,"(425, 426)",10,0.8
1255,1255,"(674, 673)",4,0.32000000000000006
1256,1256,"(674, 675)",6,0.6
1257,1257,"(282, 398)",8,0.7200000000000001
1258,1258,"(398, 397)",10,0.9
1259,1259,"(398, 399)",9,0.81
1260,1260,"(398, 488)",5,0.55
1261,1261,"(286, 287)",7,0.7
1262,1262,"(290, 291)",6,0.6
1263,1263,"(533, 532)",9,0.81
1264,1264,"(533, 534)",8,0.6400000000000001
1265,1265,"(568, 522)",11,1.1
1266,1266,"(568, 567)",4,0.32000000000000006
1267,1267,"(568, 569)",8,0.6400000000000001
1268,1268,"(641, 305)",8,0.8
1269,1269,"(641, 371)",9,0.9
1270,1270,"(641, 640)",3,0.24
1271,1271,"(291, 292)",2,0.18000000000000002
1272,1272,"(291, 421)",9,0.7200000000000001
1273,1273,"(292, 293)",5,0.4
1274,1274,"(292, 357)",6,0.54
1275,1275,"(292, 585)",7,0.7
1276,1276,"(421, 422)",2,0.2
1277,1277,"(421, 559)",9,0.9
1278,1278,"(293, 616)",6,0.54
1279,1279,"(357, 358)",6,0.54
1280,1280,"(616, 615)",10,0.9
1281,1281,"(297, 298)",4,0.36000000000000004
1282,1282,"(298, 299)",8,0.7200000000000001
1283,1283,"(298, 537)",10,0.8
1284,1284,"(299, 311)",6,0.6
1285,1285,"(682, 681)",7,0.5599999999999999
1286,1286,"(303, 304)",4,0.36000000000000004
1287,1287,"(303, 640)",12,1.2
1288,1288,"(304, 305)",6,0.6
1289,1289,"(304, 512)",10,1.1
1290,1290,"(305, 306)",7,0.5599999999999999
1291,1291,"(512, 513)",10,0.9
1292,1292,"(306, 307)",5,0.45
1293,1293,"(307, 308)",10,1.0
1294,1294,"(457, 315)",5,0.55
1295,1295,"(656, 471)",4,0.36000000000000004
1296,1296,"(656, 577)",12,1.08
1297,1297,"(656, 657)",6,0.6
1298,1298,"(314, 315)",6,0.6
1299,1299,"(317, 318)",7,0.7
1300,1300,"(317, 358)",10,0.8
1301,1301,"(358, 359)",9,0.81
1302,1302,"(358, 371)",8,0.8
1303,1303,"(320, 473)",7,0.7
1304,1304,"(665, 664)",10,0.8
1305,1305,"(665, 666)",7,0.77
1306,1306,"(445, 444)",3,0.33
1307,1307,"(326, 327)",8,0.7200000000000001
1308,1308,"(471, 461)",10,0.8
1309,1309,"(471, 470)",6,0.54
1310,1310,"(471, 520)",6,0.54
1311,1311,"(375, 374)",3,0.27
1312,1312,"(375, 527)",3,0.27
1313,1313,"(416, 658)",9,0.81
1314,1314,"(336, 337)",5,0.55
1315,1315,"(336, 579)",7,0.77
1316,1316,"(337, 338)",6,0.54
1317,1317,"(579, 578)",11,1.2100000000000002
1318,1318,"(355, 658)",7,0.77
1319,1319,"(469, 468)",5,0.5
1320,1320,"(469, 470)",5,0.45
1321,1321,"(469, 659)",8,0.7200000000000001
1322,1322,"(478, 496)",7,0.7
1323,1323,"(658, 657)",6,0.48
1324,1324,"(658, 659)",5,0.4
1325,1325,"(371, 372)",6,0.54
1326,1326,"(371, 634)",5,0.55
1327,1327,"(563, 562)",4,0.44000000000000006
1328,1328,"(367, 368)",8,0.7200000000000001
1329,1329,"(634, 635)",8,0.8800000000000001
1330,1330,"(521, 520)",10,1.0
1331,1331,"(521, 522)",7,0.63
1332,1332,"(378, 520)",7,0.5599999999999999
1333,1333,"(378, 534)",7,0.77
1334,1334,"(437, 436)",8,0.6400000000000001
1335,1335,"(619, 402)",4,0.36000000000000004
1336,1336,"(619, 618)",6,0.48
1337,1337,"(493, 494)",10,1.0
1338,1338,"(689, 690)",6,0.54
1339,1339,"(393, 394)",7,0.5599999999999999
1340,1340,"(396, 397)",5,0.5
1341,1341,"(396, 496)",4,0.36000000000000004
1342,1342,"(397, 671)",7,0.5599999999999999
1343,1343,"(496, 401)",8,0.7200000000000001
1344,1344,"(496, 495)",6,0.54
1345,1345,"(671, 401)",6,0.66
1346,1346,"(671, 668)",8,0.6400000000000001
1347,1347,"(399, 400)",5,0.45
1348,1348,"(488, 487)",9,0.9900000000000001
1349,1349,"(400, 401)",5,0.55
1350,1350,"(401, 402)",7,0.63
1351,1351,"(401, 491)",7,0.63
1352,1352,"(402, 487)",5,0.5
1353,1353,"(491, 490)",10,1.0
1354,1354,"(404, 405)",8,0.6400000000000001
1355,1355,"(405, 406)",9,0.9
1356,1356,"(406, 407)",10,1.0
1357,1357,"(407, 408)",8,0.7200000000000001
1358,1358,"(408, 409)",7,0.7
1359,1359,"(408, 577)",9,0.81
1360,1360,"(409, 410)",8,0.8800000000000001
1361,1361,"(577, 576)",7,0.7
1362,1362,"(577, 578)",10,1.0
1363,1363,"(410, 411)",6,0.6
1364,1364,"(411, 412)",7,0.63
1365,1365,"(429, 430)",9,0.81
1366,1366,"(430, 431)",8,0.6400000000000001
1367,1367,"(430, 652)",12,1.2
1368,1368,"(430, 660)",9,0.7200000000000001
1369,1369,"(431, 551)",5,0.5
1370,1370,"(652, 651)",8,0.8
1371,1371,"(652, 685)",3,0.3
1372,1372,"(660, 659)",8,0.8
1373,1373,"(660, 661)",4,0.4
1374,1374,"(551, 550)",5,0.45
1375,1375,"(441, 450)",9,0.7200000000000001
1376,1376,"(441, 662)",10,0.8
1377,1377,"(662, 661)",4,0.4
1378,1378,"(662, 663)",7,0.63
1379,1379,"(444, 495)",4,0.44000000000000006
1380,1380,"(495, 494)",5,0.5
1381,1381,"(452, 453)",6,0.54
1382,1382,"(468, 467)",5,0.45
1383,1383,"(466, 467)",8,0.7200000000000001
1384,1384,"(644, 643)",3,0.27
1385,1385,"(483, 567)",8,0.6400000000000001
1386,1386,"(499, 500)",3,0.3
1387,1387,"(499, 679)",9,0.81
1388,1388,"(500, 505)",6,0.6
1389,1389,"(684, 685)",8,0.7200000000000001
1390,1390,"(539, 540)",6,0.66
1391,1391,"(643, 549)",9,0.81
1392,1392,"(690, 691)",12,1.32
1393,1393,"(549, 550)",6,0.54
1394,1394,"(587, 588)",6,0.6
1395,1395,"(572, 573)",12,0.96
1396,1396,"(582, 654)",5,0.45
1397,1397,"(597, 663)",8,0.7200000000000001
1398,1398,"(663, 664)",3,0.27
1399,1399,"(630, 631)",9,0.9
